-- MySQL dump 10.13  Distrib 8.0.39, for Linux (x86_64)
--
-- Host: localhost    Database: proj_integ_vi
-- ------------------------------------------------------
-- Server version	8.0.39-0ubuntu0.22.04.1

/*!40101 SET @OLD_CHARACTER_SET_CLIENT=@@CHARACTER_SET_CLIENT */;
/*!40101 SET @OLD_CHARACTER_SET_RESULTS=@@CHARACTER_SET_RESULTS */;
/*!40101 SET @OLD_COLLATION_CONNECTION=@@COLLATION_CONNECTION */;
/*!50503 SET NAMES utf8mb4 */;
/*!40103 SET @OLD_TIME_ZONE=@@TIME_ZONE */;
/*!40103 SET TIME_ZONE='+00:00' */;
/*!40014 SET @OLD_UNIQUE_CHECKS=@@UNIQUE_CHECKS, UNIQUE_CHECKS=0 */;
/*!40014 SET @OLD_FOREIGN_KEY_CHECKS=@@FOREIGN_KEY_CHECKS, FOREIGN_KEY_CHECKS=0 */;
/*!40101 SET @OLD_SQL_MODE=@@SQL_MODE, SQL_MODE='NO_AUTO_VALUE_ON_ZERO' */;
/*!40111 SET @OLD_SQL_NOTES=@@SQL_NOTES, SQL_NOTES=0 */;

--
-- Table structure for table `INDEXES`
--

DROP TABLE IF EXISTS `INDEXES`;
/*!40101 SET @saved_cs_client     = @@character_set_client */;
/*!50503 SET character_set_client = utf8mb4 */;
CREATE TABLE `INDEXES` (
  `DATE` date NOT NULL,
  `SELIC` float DEFAULT NULL,
  `CDI` float DEFAULT NULL,
  `IPCA` float DEFAULT NULL,
  PRIMARY KEY (`DATE`)
) ENGINE=InnoDB DEFAULT CHARSET=utf8mb4 COLLATE=utf8mb4_0900_ai_ci;
/*!40101 SET character_set_client = @saved_cs_client */;

--
-- Dumping data for table `INDEXES`
--

LOCK TABLES `INDEXES` WRITE;
/*!40000 ALTER TABLE `INDEXES` DISABLE KEYS */;
/*!40000 ALTER TABLE `INDEXES` ENABLE KEYS */;
UNLOCK TABLES;

--
-- Table structure for table `PERMISSIONS`
--

DROP TABLE IF EXISTS `PERMISSIONS`;
/*!40101 SET @saved_cs_client     = @@character_set_client */;
/*!50503 SET character_set_client = utf8mb4 */;
CREATE TABLE `PERMISSIONS` (
  `LOGIN` varchar(45) NOT NULL,
  `ROLE` varchar(45) NOT NULL,
  KEY `LOGIN` (`LOGIN`),
  KEY `ROLE` (`ROLE`),
  CONSTRAINT `PERMISSIONS_ibfk_1` FOREIGN KEY (`LOGIN`) REFERENCES `USERS` (`LOGIN`),
  CONSTRAINT `PERMISSIONS_ibfk_2` FOREIGN KEY (`ROLE`) REFERENCES `ROLES` (`ROLE`)
) ENGINE=InnoDB DEFAULT CHARSET=utf8mb4 COLLATE=utf8mb4_0900_ai_ci;
/*!40101 SET character_set_client = @saved_cs_client */;

--
-- Dumping data for table `PERMISSIONS`
--

LOCK TABLES `PERMISSIONS` WRITE;
/*!40000 ALTER TABLE `PERMISSIONS` DISABLE KEYS */;
INSERT INTO `PERMISSIONS` VALUES ('admin','ADMIN'),('admin','USER');
/*!40000 ALTER TABLE `PERMISSIONS` ENABLE KEYS */;
UNLOCK TABLES;

--
-- Table structure for table `PRICES`
--

DROP TABLE IF EXISTS `PRICES`;
/*!40101 SET @saved_cs_client     = @@character_set_client */;
/*!50503 SET character_set_client = utf8mb4 */;
CREATE TABLE `PRICES` (
  `ID` varchar(128) NOT NULL,
  `TIMESTAMP` bigint DEFAULT NULL,
  `TICKER` varchar(10) DEFAULT NULL,
  `OPEN` decimal(10,2) DEFAULT NULL,
  `HIGH` decimal(10,2) DEFAULT NULL,
  `LOW` decimal(10,2) DEFAULT NULL,
  `CLOSE` decimal(10,2) DEFAULT NULL,
  `ADJUSTED_CLOSE` decimal(10,2) DEFAULT NULL,
  `VOLUME` decimal(20,2) DEFAULT NULL,
  PRIMARY KEY (`ID`),
  KEY `TICKER` (`TICKER`),
  CONSTRAINT `PRICES_ibfk_1` FOREIGN KEY (`TICKER`) REFERENCES `TICKERS` (`TICKER`)
) ENGINE=InnoDB DEFAULT CHARSET=utf8mb4 COLLATE=utf8mb4_0900_ai_ci;
/*!40101 SET character_set_client = @saved_cs_client */;

--
-- Dumping data for table `PRICES`
--

LOCK TABLES `PRICES` WRITE;
/*!40000 ALTER TABLE `PRICES` DISABLE KEYS */;
INSERT INTO `PRICES` VALUES ('1721739600_BBAS3',1721739600,'BBAS3',27.15,27.22,26.93,26.98,26.37,10978000.00),('1721739600_PETR4',1721739600,'PETR4',37.92,38.00,37.43,37.43,36.39,25284700.00),('1721826000_BBAS3',1721826000,'BBAS3',27.05,27.08,26.81,26.87,26.26,9728400.00),('1721826000_PETR4',1721826000,'PETR4',37.66,38.00,37.50,37.73,36.69,23863800.00),('1721912400_BBAS3',1721912400,'BBAS3',26.84,27.05,26.72,26.89,26.28,11896200.00),('1721912400_PETR4',1721912400,'PETR4',37.56,37.75,37.27,37.68,36.64,19562600.00),('1721998800_BBAS3',1721998800,'BBAS3',26.89,27.16,26.72,27.12,26.51,10544500.00),('1721998800_PETR4',1721998800,'PETR4',37.67,38.13,37.42,37.64,36.60,32043200.00),('1722258000_BBAS3',1722258000,'BBAS3',27.21,27.21,26.94,27.16,26.55,18350200.00),('1722258000_PETR4',1722258000,'PETR4',37.51,37.72,36.42,36.88,35.86,39790000.00),('1722344400_BBAS3',1722344400,'BBAS3',27.16,27.19,26.86,26.95,26.34,10185700.00),('1722344400_PETR4',1722344400,'PETR4',36.51,36.77,36.39,36.65,35.64,16040700.00),('1722430800_BBAS3',1722430800,'BBAS3',27.00,27.05,26.51,26.55,25.95,17872300.00),('1722430800_PETR4',1722430800,'PETR4',37.05,37.41,36.96,37.41,36.37,28561100.00),('1722517200_BBAS3',1722517200,'BBAS3',26.65,26.72,26.22,26.37,25.77,22830700.00),('1722517200_PETR4',1722517200,'PETR4',37.75,37.83,36.79,36.84,35.82,29756300.00),('1722603600_BBAS3',1722603600,'BBAS3',26.50,26.59,26.06,26.16,25.57,20402500.00),('1722603600_PETR4',1722603600,'PETR4',36.72,36.80,35.73,35.73,34.74,36483900.00),('1722862800_BBAS3',1722862800,'BBAS3',26.00,26.33,25.60,26.20,25.61,20254500.00),('1722862800_PETR4',1722862800,'PETR4',34.80,35.70,34.60,35.70,34.71,44765900.00),('1722949200_BBAS3',1722949200,'BBAS3',26.40,26.81,26.34,26.65,26.05,14827100.00),('1722949200_PETR4',1722949200,'PETR4',35.60,36.66,35.34,36.32,35.31,36009000.00),('1723035600_BBAS3',1723035600,'BBAS3',26.85,26.95,26.19,26.30,25.70,18931200.00),('1723035600_PETR4',1723035600,'PETR4',36.70,36.75,36.00,36.27,35.27,25020500.00),('1723122000_BBAS3',1723122000,'BBAS3',26.16,26.37,25.39,26.19,25.60,33846000.00),('1723122000_PETR4',1723122000,'PETR4',36.35,36.95,36.16,36.85,35.83,29870300.00),('1723208400_BBAS3',1723208400,'BBAS3',26.30,26.63,26.25,26.55,25.95,13007300.00),('1723208400_PETR4',1723208400,'PETR4',36.13,36.95,35.58,36.51,35.50,66082100.00),('1723467600_BBAS3',1723467600,'BBAS3',26.62,27.12,26.55,27.12,26.51,15568300.00),('1723467600_PETR4',1723467600,'PETR4',36.80,37.81,36.80,37.34,36.31,39655100.00),('1723554000_BBAS3',1723554000,'BBAS3',27.20,27.53,27.13,27.47,26.85,12964400.00),('1723554000_PETR4',1723554000,'PETR4',37.53,37.63,36.97,37.11,36.08,28557200.00),('1723640400_BBAS3',1723640400,'BBAS3',27.47,28.15,27.40,27.93,27.30,19387500.00),('1723640400_PETR4',1723640400,'PETR4',37.19,38.00,37.16,37.76,36.72,37955500.00),('1723726800_BBAS3',1723726800,'BBAS3',27.99,28.44,27.93,28.15,27.51,11631000.00),('1723726800_PETR4',1723726800,'PETR4',38.05,38.56,38.00,38.34,37.28,33409000.00),('1723813200_BBAS3',1723813200,'BBAS3',28.30,28.58,28.25,28.37,27.73,18682500.00),('1723813200_PETR4',1723813200,'PETR4',38.17,38.77,38.03,38.50,37.43,35472700.00),('1724072400_BBAS3',1724072400,'BBAS3',28.40,29.17,28.31,29.13,28.47,19984500.00),('1724072400_PETR4',1724072400,'PETR4',38.60,38.79,38.40,38.44,37.38,28138200.00),('1724158800_BBAS3',1724158800,'BBAS3',29.17,29.30,29.05,29.26,28.60,16156400.00),('1724158800_PETR4',1724158800,'PETR4',38.50,38.68,37.89,38.29,37.23,27322600.00),('1724245200_BBAS3',1724245200,'BBAS3',29.31,29.34,29.07,29.13,28.47,21926500.00),('1724245200_PETR4',1724245200,'PETR4',38.68,38.79,37.94,38.06,37.01,38491900.00),('1724331600_BBAS3',1724331600,'BBAS3',28.61,28.61,27.87,28.01,27.83,16022900.00),('1724331600_PETR4',1724331600,'PETR4',37.28,37.30,36.86,37.12,37.12,26334300.00),('1724418000_BBAS3',1724418000,'BBAS3',28.15,28.49,28.14,28.22,28.04,12058300.00),('1724418000_PETR4',1724418000,'PETR4',37.37,37.53,36.89,36.89,36.89,29239000.00),('1724677200_BBAS3',1724677200,'BBAS3',28.22,28.45,28.10,28.33,28.15,9358000.00),('1724677200_PETR4',1724677200,'PETR4',37.86,39.61,37.71,39.57,39.57,102270300.00),('1724763600_BBAS3',1724763600,'BBAS3',28.38,28.38,28.01,28.01,27.83,8294500.00),('1724763600_PETR4',1724763600,'PETR4',39.25,39.37,38.95,39.04,39.04,35073100.00),('1724850000_BBAS3',1724850000,'BBAS3',28.00,28.20,27.89,28.18,28.00,9415600.00),('1724850000_PETR4',1724850000,'PETR4',38.94,39.86,38.78,39.60,39.60,43284500.00),('1724936400_BBAS3',1724936400,'BBAS3',28.10,28.56,28.02,28.30,28.12,13712600.00),('1724936400_PETR4',1724936400,'PETR4',39.65,39.83,39.28,39.33,39.33,25356600.00),('1725022800_BBAS3',1725022800,'BBAS3',28.20,28.27,27.98,28.12,27.94,31814700.00),('1725022800_PETR4',1725022800,'PETR4',39.22,39.65,38.88,39.37,39.37,84437200.00),('1725282000_BBAS3',1725282000,'BBAS3',28.38,28.54,28.15,28.42,28.24,11920800.00),('1725282000_PETR4',1725282000,'PETR4',39.33,39.40,38.89,39.00,39.00,15288400.00),('1725368400_BBAS3',1725368400,'BBAS3',28.44,28.77,28.38,28.68,28.49,14433300.00),('1725368400_PETR4',1725368400,'PETR4',38.79,38.82,38.38,38.53,38.53,35866300.00),('1725454800_BBAS3',1725454800,'BBAS3',28.75,29.19,28.72,28.99,28.80,15514700.00),('1725454800_PETR4',1725454800,'PETR4',38.74,38.92,38.52,38.54,38.54,28851300.00),('1725541200_BBAS3',1725541200,'BBAS3',29.06,29.27,28.90,29.25,29.06,8433600.00),('1725541200_PETR4',1725541200,'PETR4',38.65,38.89,38.30,38.30,38.30,26206600.00),('1725627600_BBAS3',1725627600,'BBAS3',29.24,29.29,28.76,28.77,28.58,9653100.00),('1725627600_PETR4',1725627600,'PETR4',38.37,38.45,37.47,37.55,37.55,32971700.00),('1725886800_BBAS3',1725886800,'BBAS3',28.86,29.13,28.71,29.13,28.94,14429900.00),('1725886800_PETR4',1725886800,'PETR4',37.84,38.25,37.61,37.96,37.96,30521800.00),('1725973200_BBAS3',1725973200,'BBAS3',29.08,29.14,28.53,28.70,28.51,17718400.00),('1725973200_PETR4',1725973200,'PETR4',37.92,37.92,37.00,37.33,37.33,37263500.00),('1726059600_BBAS3',1726059600,'BBAS3',28.90,28.98,28.67,28.71,28.52,10000400.00),('1726059600_PETR4',1726059600,'PETR4',37.76,37.83,36.87,37.29,37.29,32907000.00),('1726146000_BBAS3',1726146000,'BBAS3',28.40,28.45,28.02,28.23,28.23,9920100.00),('1726146000_PETR4',1726146000,'PETR4',37.29,37.32,36.75,36.87,36.87,22103300.00),('1726232400_BBAS3',1726232400,'BBAS3',28.30,28.63,28.25,28.42,28.42,9241700.00),('1726232400_PETR4',1726232400,'PETR4',37.11,37.55,36.59,36.70,36.70,34729600.00),('1726491600_BBAS3',1726491600,'BBAS3',28.50,28.70,28.39,28.57,28.57,8948800.00),('1726491600_PETR4',1726491600,'PETR4',37.24,37.72,37.16,37.21,37.21,22614800.00),('1726578000_BBAS3',1726578000,'BBAS3',28.57,28.61,28.25,28.39,28.39,7979400.00),('1726578000_PETR4',1726578000,'PETR4',37.17,37.19,36.70,37.04,37.04,23443700.00),('1726664400_BBAS3',1726664400,'BBAS3',28.27,28.54,28.14,28.25,28.25,8611400.00),('1726664400_PETR4',1726664400,'PETR4',36.91,36.93,36.15,36.15,36.15,38777000.00),('1726750800_BBAS3',1726750800,'BBAS3',28.36,28.44,27.91,27.91,27.91,14963300.00),('1726750800_PETR4',1726750800,'PETR4',36.57,36.78,36.19,36.27,36.27,25059700.00),('1726837200_BBAS3',1726837200,'BBAS3',27.90,27.95,27.46,27.50,27.50,24479500.00),('1726837200_PETR4',1726837200,'PETR4',36.27,36.40,36.07,36.26,36.26,48336200.00),('1727096400_BBAS3',1727096400,'BBAS3',27.50,27.55,27.27,27.40,27.40,12354400.00),('1727096400_PETR4',1727096400,'PETR4',36.39,36.96,36.22,36.63,36.63,28218500.00),('1727182800_BBAS3',1727182800,'BBAS3',27.70,27.92,27.37,27.38,27.38,15235800.00),('1727182800_PETR4',1727182800,'PETR4',37.23,37.31,36.72,36.78,36.78,35104100.00),('1727269200_BBAS3',1727269200,'BBAS3',27.50,27.56,27.21,27.30,27.30,13854100.00),('1727269200_PETR4',1727269200,'PETR4',37.10,37.43,36.96,37.05,37.05,38655300.00),('1727355600_BBAS3',1727355600,'BBAS3',27.45,27.66,27.28,27.48,27.48,13119200.00),('1727355600_PETR4',1727355600,'PETR4',36.92,36.92,35.97,36.25,36.25,58048200.00),('1727442000_BBAS3',1727442000,'BBAS3',27.48,27.62,27.20,27.25,27.25,14855700.00),('1727442000_PETR4',1727442000,'PETR4',36.38,36.38,35.93,36.11,36.11,34537400.00),('1727701200_BBAS3',1727701200,'BBAS3',27.31,27.48,27.18,27.18,27.18,14796200.00),('1727701200_PETR4',1727701200,'PETR4',36.16,36.28,35.92,36.01,36.01,21146300.00),('1727787600_BBAS3',1727787600,'BBAS3',27.10,27.25,26.88,27.08,27.08,19254100.00),('1727787600_PETR4',1727787600,'PETR4',36.01,37.52,35.83,36.97,36.97,49748200.00),('1727874000_BBAS3',1727874000,'BBAS3',27.30,27.52,27.15,27.15,27.15,12662400.00),('1727874000_PETR4',1727874000,'PETR4',37.75,37.93,37.35,37.48,37.48,32014500.00),('1727960400_BBAS3',1727960400,'BBAS3',27.11,27.12,26.75,26.90,26.90,19101500.00),('1727960400_PETR4',1727960400,'PETR4',37.44,38.04,37.21,37.94,37.94,31033000.00),('1728046800_BBAS3',1728046800,'BBAS3',27.00,27.04,26.77,26.86,26.86,11911600.00),('1728046800_PETR4',1728046800,'PETR4',38.15,38.20,37.67,37.84,37.84,22526800.00),('1728306000_BBAS3',1728306000,'BBAS3',27.05,27.12,26.83,26.99,26.99,9578500.00),('1728306000_PETR4',1728306000,'PETR4',38.04,38.38,37.90,38.37,38.37,36418000.00),('1728392400_BBAS3',1728392400,'BBAS3',26.90,26.98,26.85,26.98,26.98,11728700.00),('1728392400_PETR4',1728392400,'PETR4',37.47,37.75,37.45,37.60,37.60,34142000.00),('1728478800_BBAS3',1728478800,'BBAS3',26.80,26.91,26.35,26.43,26.43,19545500.00),('1728478800_PETR4',1728478800,'PETR4',37.37,37.52,37.01,37.22,37.22,30789800.00),('1728565200_BBAS3',1728565200,'BBAS3',26.64,26.64,26.19,26.20,26.20,20486300.00),('1728565200_PETR4',1728565200,'PETR4',37.40,37.74,37.32,37.65,37.65,20630100.00),('1728651600_BBAS3',1728651600,'BBAS3',26.28,26.46,26.17,26.33,26.33,12175400.00),('1728651600_PETR4',1728651600,'PETR4',37.60,37.65,37.32,37.62,37.62,16343000.00),('1728910800_BBAS3',1728910800,'BBAS3',26.41,26.58,26.28,26.52,26.52,11953100.00),('1728910800_PETR4',1728910800,'PETR4',37.47,37.90,37.35,37.71,37.71,22279000.00),('1728997200_BBAS3',1728997200,'BBAS3',26.67,26.74,26.42,26.47,26.47,14418700.00),('1728997200_PETR4',1728997200,'PETR4',37.21,37.41,37.06,37.40,37.40,28204600.00),('1729083600_BBAS3',1729083600,'BBAS3',26.50,26.95,26.36,26.76,26.76,26028400.00),('1729083600_PETR4',1729083600,'PETR4',37.55,37.58,37.19,37.21,37.21,23041200.00),('1729170000_BBAS3',1729170000,'BBAS3',26.68,26.83,26.50,26.72,26.72,12424800.00),('1729170000_PETR4',1729170000,'PETR4',37.21,37.21,36.69,36.93,36.93,22174300.00),('1729256400_BBAS3',1729256400,'BBAS3',26.77,26.97,26.63,26.69,26.69,15980000.00),('1729256400_PETR4',1729256400,'PETR4',36.98,37.07,36.41,36.83,36.83,32000800.00);
/*!40000 ALTER TABLE `PRICES` ENABLE KEYS */;
UNLOCK TABLES;

--
-- Table structure for table `ROLES`
--

DROP TABLE IF EXISTS `ROLES`;
/*!40101 SET @saved_cs_client     = @@character_set_client */;
/*!50503 SET character_set_client = utf8mb4 */;
CREATE TABLE `ROLES` (
  `ROLE` varchar(45) NOT NULL,
  `DESCRIPTION` varchar(255) DEFAULT NULL,
  PRIMARY KEY (`ROLE`)
) ENGINE=InnoDB DEFAULT CHARSET=utf8mb4 COLLATE=utf8mb4_0900_ai_ci;
/*!40101 SET character_set_client = @saved_cs_client */;

--
-- Dumping data for table `ROLES`
--

LOCK TABLES `ROLES` WRITE;
/*!40000 ALTER TABLE `ROLES` DISABLE KEYS */;
INSERT INTO `ROLES` VALUES ('ADMIN','Administrador do sistema'),('USER','Usuário do sistema');
/*!40000 ALTER TABLE `ROLES` ENABLE KEYS */;
UNLOCK TABLES;

--
-- Table structure for table `TICKERS`
--

DROP TABLE IF EXISTS `TICKERS`;
/*!40101 SET @saved_cs_client     = @@character_set_client */;
/*!50503 SET character_set_client = utf8mb4 */;
CREATE TABLE `TICKERS` (
  `TICKER` varchar(10) NOT NULL,
  `CURRENCY` varchar(10) DEFAULT NULL,
  `SHORT_NAME` varchar(50) DEFAULT NULL,
  `LONG_NAME` varchar(100) DEFAULT NULL,
  `ADDRESS_2` varchar(100) DEFAULT NULL,
  `CITY` varchar(50) DEFAULT NULL,
  `STATE` varchar(50) DEFAULT NULL,
  `ZIP` varchar(20) DEFAULT NULL,
  `COUNTRY` varchar(50) DEFAULT NULL,
  `PHONE` varchar(20) DEFAULT NULL,
  `WEBSITE` varchar(100) DEFAULT NULL,
  `LOGO_URL` varchar(255) DEFAULT NULL,
  `INDUSTRY` varchar(100) DEFAULT NULL,
  `SECTOR` varchar(100) DEFAULT NULL,
  `BUSINESS_SUMMARY` text,
  `NUMBER_OF_EMPLOYEES` int DEFAULT NULL,
  `MARKET_CAP` float DEFAULT NULL,
  `200_DAY_AVERAGE` float DEFAULT NULL,
  `200_DAY_AVERAGE_CHANGE` float DEFAULT NULL,
  `200_DAY_AVERAGE_CHANGE_PERCENT` float DEFAULT NULL,
  `REGULAR_MARKET_CHANGE` float DEFAULT NULL,
  `REGULAR_MARKET_CHANGE_PERCENT` float DEFAULT NULL,
  `REGULAR_MARKET_TIME` varchar(50) DEFAULT NULL,
  `REGULAR_MARKET_PRICE` float DEFAULT NULL,
  `REGULAR_MARKET_DAY_HIGH` float DEFAULT NULL,
  `REGULAR_MARKET_DAY_LOW` float DEFAULT NULL,
  `REGULAR_MARKET_DAY_RANGE` varchar(50) DEFAULT NULL,
  `REGULAR_MARKET_VOLUME` int DEFAULT NULL,
  `REGULAR_MARKET_PREVIOUS_CLOSE` float DEFAULT NULL,
  `REGULAR_MARKET_OPEN` float DEFAULT NULL,
  `AVERAGE_DAILY_VOLUME_3_MONTHS` int DEFAULT NULL,
  `AVERAGE_DAILY_VOLUME_10_DAYS` int DEFAULT NULL,
  `52_WEEKS_LOW_CHANGE` float DEFAULT NULL,
  `52_WEEKS_HIGH_CHANGE` float DEFAULT NULL,
  `52_WEEKS_HIGH_CHANGE_PERCENT` float DEFAULT NULL,
  `52_WEEKS_RANGE` varchar(50) DEFAULT NULL,
  `52_WEEKS_LOW` float DEFAULT NULL,
  `52_WEEKS_HIGH` float DEFAULT NULL,
  `PRICE_EARNINGS` float DEFAULT NULL,
  `EARNINGS_PER_SHARE` float DEFAULT NULL,
  PRIMARY KEY (`TICKER`)
) ENGINE=InnoDB DEFAULT CHARSET=utf8mb4 COLLATE=utf8mb4_0900_ai_ci;
/*!40101 SET character_set_client = @saved_cs_client */;

--
-- Dumping data for table `TICKERS`
--

LOCK TABLES `TICKERS` WRITE;
/*!40000 ALTER TABLE `TICKERS` DISABLE KEYS */;
INSERT INTO `TICKERS` VALUES ('BBAS3','BRL','BRASIL      ON      NM','Banco do Brasil S.A.','Quadra 5, Lote B Autarquias Norte Federal District','Brasília','DF',NULL,'Brazil','55 80 0729 5285','https://www.bb.com.br',NULL,'Banks - Regional','Financial Services',NULL,NULL,NULL,NULL,NULL,NULL,-0.03,-0.112,'2024-10-18T20:07:31.000Z',26.69,0,0,'0 - 0',0,26.72,26.4,NULL,NULL,NULL,NULL,NULL,'0 - 0',0,0,6.43861,4.11891),('PETR4','BRL','PETROBRAS   PN      N2','Petróleo Brasileiro S.A. - Petrobras','19th floor','Rio De Janeiro','RJ','20241-030','Brazil',NULL,'https://petrobras.com.br',NULL,'Oil & Gas Integrated','Energy',NULL,46730,NULL,NULL,NULL,NULL,-0.1,-0.271,'2024-10-18T20:07:47.000Z',36.83,0,0,'0 - 0',0,36.93,37.44,NULL,NULL,NULL,NULL,NULL,'0 - 0',0,0,6.21334,6.06922);
/*!40000 ALTER TABLE `TICKERS` ENABLE KEYS */;
UNLOCK TABLES;

--
-- Table structure for table `TRANSACTIONS_FIXED_INCOME`
--

DROP TABLE IF EXISTS `TRANSACTIONS_FIXED_INCOME`;
/*!40101 SET @saved_cs_client     = @@character_set_client */;
/*!50503 SET character_set_client = utf8mb4 */;
CREATE TABLE `TRANSACTIONS_FIXED_INCOME` (
  `ID` int NOT NULL AUTO_INCREMENT,
  `WALLET_ID` int DEFAULT NULL,
  `INSTITUTION` varchar(50) DEFAULT NULL,
  `TYPE` varchar(50) DEFAULT NULL,
  `VALUE` int DEFAULT NULL,
  `START_DATE` date DEFAULT NULL,
  `END_DATE` date DEFAULT NULL,
  `INDEX_NAME` varchar(10) DEFAULT NULL,
  `TAX_VALUE` int DEFAULT NULL,
  PRIMARY KEY (`ID`),
  KEY `WALLET_ID` (`WALLET_ID`),
  CONSTRAINT `TRANSACTIONS_FIXED_INCOME_ibfk_1` FOREIGN KEY (`WALLET_ID`) REFERENCES `WALLETS` (`ID`)
) ENGINE=InnoDB AUTO_INCREMENT=2 DEFAULT CHARSET=utf8mb4 COLLATE=utf8mb4_0900_ai_ci;
/*!40101 SET character_set_client = @saved_cs_client */;

--
-- Dumping data for table `TRANSACTIONS_FIXED_INCOME`
--

LOCK TABLES `TRANSACTIONS_FIXED_INCOME` WRITE;
/*!40000 ALTER TABLE `TRANSACTIONS_FIXED_INCOME` DISABLE KEYS */;
INSERT INTO `TRANSACTIONS_FIXED_INCOME` VALUES (1,1,'string','string',0,'2024-01-01','2024-01-02','string',0);
/*!40000 ALTER TABLE `TRANSACTIONS_FIXED_INCOME` ENABLE KEYS */;
UNLOCK TABLES;

--
-- Table structure for table `TRANSACTIONS_VARIABLE_INCOME`
--

DROP TABLE IF EXISTS `TRANSACTIONS_VARIABLE_INCOME`;
/*!40101 SET @saved_cs_client     = @@character_set_client */;
/*!50503 SET character_set_client = utf8mb4 */;
CREATE TABLE `TRANSACTIONS_VARIABLE_INCOME` (
  `ID` int NOT NULL AUTO_INCREMENT,
  `WALLET_ID` int DEFAULT NULL,
  `TICKER_ID` varchar(10) DEFAULT NULL,
  `BUY_OR_SALE` int DEFAULT NULL,
  `DATE` date DEFAULT NULL,
  `AMOUNT` int DEFAULT NULL,
  `PRICE` float DEFAULT NULL,
  PRIMARY KEY (`ID`),
  KEY `WALLET_ID` (`WALLET_ID`),
  KEY `TICKER_ID` (`TICKER_ID`),
  CONSTRAINT `TRANSACTIONS_VARIABLE_INCOME_ibfk_1` FOREIGN KEY (`WALLET_ID`) REFERENCES `WALLETS` (`ID`),
  CONSTRAINT `TRANSACTIONS_VARIABLE_INCOME_ibfk_2` FOREIGN KEY (`TICKER_ID`) REFERENCES `TICKERS` (`TICKER`)
) ENGINE=InnoDB AUTO_INCREMENT=2 DEFAULT CHARSET=utf8mb4 COLLATE=utf8mb4_0900_ai_ci;
/*!40101 SET character_set_client = @saved_cs_client */;

--
-- Dumping data for table `TRANSACTIONS_VARIABLE_INCOME`
--

LOCK TABLES `TRANSACTIONS_VARIABLE_INCOME` WRITE;
/*!40000 ALTER TABLE `TRANSACTIONS_VARIABLE_INCOME` DISABLE KEYS */;
INSERT INTO `TRANSACTIONS_VARIABLE_INCOME` VALUES (1,1,'BBAS3',1,'2024-01-01',0,0);
/*!40000 ALTER TABLE `TRANSACTIONS_VARIABLE_INCOME` ENABLE KEYS */;
UNLOCK TABLES;

--
-- Table structure for table `USERS`
--

DROP TABLE IF EXISTS `USERS`;
/*!40101 SET @saved_cs_client     = @@character_set_client */;
/*!50503 SET character_set_client = utf8mb4 */;
CREATE TABLE `USERS` (
  `ID` int NOT NULL AUTO_INCREMENT,
  `LOGIN` varchar(50) NOT NULL,
  `PASSWORD` varchar(255) NOT NULL,
  `FIRST_NAME` varchar(255) NOT NULL,
  `LAST_NAME` varchar(255) NOT NULL,
  `ENABLED` int NOT NULL,
  PRIMARY KEY (`ID`),
  UNIQUE KEY `UL` (`LOGIN`)
) ENGINE=InnoDB AUTO_INCREMENT=2 DEFAULT CHARSET=utf8mb4 COLLATE=utf8mb4_0900_ai_ci;
/*!40101 SET character_set_client = @saved_cs_client */;

--
-- Dumping data for table `USERS`
--

LOCK TABLES `USERS` WRITE;
/*!40000 ALTER TABLE `USERS` DISABLE KEYS */;
INSERT INTO `USERS` VALUES (1,'admin','$2a$10$Usgy3IEMcOK1l5plvyKONeysRa/mACW9677CQaCyJi0P2u7fBykJ.','ADMINISTRADOR',' DO SISTEMA',1);
/*!40000 ALTER TABLE `USERS` ENABLE KEYS */;
UNLOCK TABLES;

--
-- Table structure for table `WALLETS`
--

DROP TABLE IF EXISTS `WALLETS`;
/*!40101 SET @saved_cs_client     = @@character_set_client */;
/*!50503 SET character_set_client = utf8mb4 */;
CREATE TABLE `WALLETS` (
  `ID` int NOT NULL AUTO_INCREMENT,
  `NAME` varchar(50) DEFAULT NULL,
  `OBJECTIVE` varchar(100) DEFAULT NULL,
  `INTENDED_FIXED_INCOME_PERCENT` int DEFAULT NULL,
  `INTENDED_STOCK_PERCENT` int DEFAULT NULL,
  `INTENDED_FII_PERCENT` int DEFAULT NULL,
  `USER_ID` int DEFAULT NULL,
  PRIMARY KEY (`ID`),
  KEY `USER_ID` (`USER_ID`),
  CONSTRAINT `WALLETS_ibfk_1` FOREIGN KEY (`USER_ID`) REFERENCES `USERS` (`ID`)
) ENGINE=InnoDB AUTO_INCREMENT=2 DEFAULT CHARSET=utf8mb4 COLLATE=utf8mb4_0900_ai_ci;
/*!40101 SET character_set_client = @saved_cs_client */;

--
-- Dumping data for table `WALLETS`
--

LOCK TABLES `WALLETS` WRITE;
/*!40000 ALTER TABLE `WALLETS` DISABLE KEYS */;
INSERT INTO `WALLETS` VALUES (1,'Minha Carteira','Comprar um carro',33,10,33,1);
/*!40000 ALTER TABLE `WALLETS` ENABLE KEYS */;
UNLOCK TABLES;

--
-- Dumping routines for database 'proj_integ_vi'
--
/*!40103 SET TIME_ZONE=@OLD_TIME_ZONE */;

/*!40101 SET SQL_MODE=@OLD_SQL_MODE */;
/*!40014 SET FOREIGN_KEY_CHECKS=@OLD_FOREIGN_KEY_CHECKS */;
/*!40014 SET UNIQUE_CHECKS=@OLD_UNIQUE_CHECKS */;
/*!40101 SET CHARACTER_SET_CLIENT=@OLD_CHARACTER_SET_CLIENT */;
/*!40101 SET CHARACTER_SET_RESULTS=@OLD_CHARACTER_SET_RESULTS */;
/*!40101 SET COLLATION_CONNECTION=@OLD_COLLATION_CONNECTION */;
/*!40111 SET SQL_NOTES=@OLD_SQL_NOTES */;

-- Dump completed on 2024-10-21  1:21:50
